{"cameraMode":{"drawMode":0,"name":"Shaded","section":"Shading Mode"},"sceneLighting":true,"audioPlay":false,"sceneViewState":{"showFog":true,"showMaterialUpdate":false,"showSkybox":true,"showFlares":true,"showImageEffects":true,"showParticleSystems":true,"showVisualEffectGraphs":true,"m_FxEnabled":true},"in2DMode":false,"pivot":{"x":39.50917434692383,"y":-131.29754638671876,"z":44.236602783203128},"rotation":{"x":-0.004608216695487499,"y":0.8481196165084839,"z":-0.5297331213951111,"w":-0.0073780459351837639},"size":266.5987854003906,"orthographic":false}