{"cameraMode":{"drawMode":0,"name":"Shaded","section":"Shading Mode"},"sceneLighting":true,"audioPlay":false,"sceneViewState":{"showFog":true,"showMaterialUpdate":false,"showSkybox":true,"showFlares":true,"showImageEffects":true,"showParticleSystems":true,"showVisualEffectGraphs":true,"m_FxEnabled":true},"in2DMode":false,"pivot":{"x":97.02867889404297,"y":20.351198196411134,"z":132.17161560058595},"rotation":{"x":-0.46068647503852847,"y":0.011180472560226918,"z":-0.005803627893328667,"w":-0.8874731659889221},"size":92.5835189819336,"orthographic":false}