{"cameraMode":{"drawMode":0,"name":"Shaded","section":"Shading Mode"},"sceneLighting":true,"audioPlay":false,"sceneViewState":{"showFog":true,"showMaterialUpdate":false,"showSkybox":true,"showFlares":true,"showImageEffects":true,"showParticleSystems":true,"showVisualEffectGraphs":true,"m_FxEnabled":true},"in2DMode":false,"pivot":{"x":110.63602447509766,"y":21.922225952148439,"z":158.4473876953125},"rotation":{"x":0.4712817668914795,"y":-0.04362504184246063,"z":0.023347526788711549,"w":0.8805950284004211},"size":127.58698272705078,"orthographic":false}