{"cameraMode":{"drawMode":0,"name":"Shaded","section":"Shading Mode"},"sceneLighting":true,"audioPlay":false,"sceneViewState":{"showFog":true,"showMaterialUpdate":false,"showSkybox":true,"showFlares":true,"showImageEffects":true,"showParticleSystems":true,"showVisualEffectGraphs":true,"m_FxEnabled":true},"in2DMode":false,"pivot":{"x":-4.769779205322266,"y":70.12181091308594,"z":54.14141845703125},"rotation":{"x":0.2968219518661499,"y":-0.028643082827329637,"z":0.008909553289413453,"w":0.9544709920883179},"size":154.87367248535157,"orthographic":true}